pers_id;achternaam;voornaam;auteur.voorvoegsel;Kamer;Gestandariseerde naam;Varianten;organisatie.voorvoegsel;Stad/dorp
aarn005;Aarnouts;S.;;De witte lelyen/Missus Scholieren;Witte Lelyen / Missus Scholieren;;De;Veere
aart028;Aartsen;M.;;De witte lelyen/Missus Scholieren;Witte Lelyen / Missus Scholieren;;De;Veere
abke001;Abke;Jan;;De witte lelyen/Missus Scholieren;Witte Lelyen / Missus Scholieren;;De;Veere
acke009;Acket;Jan;;'ghilde ende broederscepe vanden Drien Santinnen' (1494);Drie Santinnen;'Ghilde ende broederscepe van den Drien Santinnen' (1494);De;Brugge
adri008;Adriaenz.;Heijnz.;;De pellicaen [1503];Pellicaen;;De;Haarlem
adri056;Adrichem;H.;van;De witte meerbloem;Witte Meerbloem;;De;Zoetermeer
aebl001;Aeble;J.;;De witte lelyen/Missus Scholieren;Witte Lelyen / Missus Scholieren;;De;Veere
aerd002;Aerd;C.J.;van;Den olyvenboom [1581];Olyvenboom;;De;Maasland
aerd002;Aerd;C.J.;van;De roo roosen;Roo Roosen;;De;Schiedam
alch001;Alchas Melchiorszoon;Pieter;;De goudsbloem/ die Goutsbloeme [1581];Goudsbloem;;De;Gouda
alle040;Aller;Adriaan;van;De witte lelie en blauwe acolye/Missus Scholieren;Witte Lelie en Blauwe Acolye/Missus Scholieren;;De;Veere
alle041;Aller;Cornelis;van;De witte lelie en blauwe acolye/Missus Scholieren;Witte Lelie en Blauwe Acolye/Missus Scholieren;;De;Veere
arp_001;Arp;Jan;van;de Eglentier (onbekend);Eglentier;;De;Amsterdam
arre002;Arrept;Arent;van;De wijngaertrancken [1541?];Wijngaertrancken;;De;Haarlem
asse011;Asselt;Jan;van;ghesellen vanden Crancbestiers' (1445). 'den ghezellen vander Royaerds' (1458). 'ghilde vanden Helighen Gheest' (1570);Heilige Geest;ghesellen van den Crancbestiers' (1445). 'den ghezellen van den Royaerds' (1458). 'ghilde van den Helighen Gheest' (1570). 'Helichsgheest ghilde' (1528);De;Oudenburg
asse090;Asselt;Cornelis;van;'scole van Pax Vobis' (1482);Pax Vobis;scole van Pax Vobis' (1482). 'den gheselscepe van Pax Vobis' (reglement 1490). 'den gheselscipe van den Rethorijken van Pax Vobis' (1519);;Oudenaarde
awij001;Awijts;Jacob;;de Eglentier (onbekend);Eglentier;;De;Amsterdam
badt003;Badts;P.-J.;de;‘Ontsluyters van vreughden’ (1518);Ontsluiters van Vreugde;'Ontsluyters van vreughden' (1518);De;Steenvoorde
baey007;Baey;J.-J.;;De ghilde van Sinte Katerine' (1541). 'De Spaderycke' (1541);Spaderijke;De ghilde van Sinte Katerine' (1541). 'De Spaderycke' (1541);De;Belle/Bailleul
bal_003;Bal;Hendrik;;gulden vander rhetorycken van Neckerspoele' (1518). 'De Boonbloeme' (1519);Boonbloem;Gulden van der rhetorycken van Neckerspoele' (1518). 'De Boonbloeme' (1519);De;Mechelen (Nekkerspoel)
ball003;Ballaer;Franchoys;van;De Corenbloeme' (1485-86. 1581);Corenbloem;De Corenbloeme' (1485-1486. 1581). ''t Corenbloemken' (1561). 'De Corenblomme' (1561-1562-1572-1583-1620-1647). 'Corenblom' (1620). 'Corenbloemken' (1620);De;Brussel
ball012;Ballée;Joannes;;Den Heilighen Gheest' (1442)'. 'Pensee' of 'Penseken' (1628) of 'Penséeblomken' (doopbrief 1628);Heilige Geest;Den Heilighen Gheest' (1442)'. 'Heylighen Gheest' (1620). 'Pensee' of 'Penseken' (1628) of 'Penséeblomken' (1628);De;Brugge
ball012;Ballée;Joannes;;'ghilde ende broederscepe vanden Drien Santinnen' (1494);Drie Santinnen;'Ghilde ende broederscepe van den Drien Santinnen' (1494);De;Brugge
balt004;Baltens;Pieter;;de Violierbloeme' (in liggere bij 1480). 'Violieren' (1490). 'Violetten' (1493). 'De Violieren' (1561);Violieren;De Violierbloeme' (in liggere bij 1480). 'Violieren' (1490). 'Violetten' (1493). 'De Violieren' (1561). 'Violiere' (1562). 'gulde van de Violiere' (1619). 'Violieren' (1613). 'Violier' (1620);De;Antwerpen
baro004;Baron;J.Z.;;De oogentroostbloem [1615];Oogentroostbloem;;De;Oegstgeest
baut001;Bautken;Lieven;;'Sente Barbelen t'Sente Pieters' (1458);Sint-Barbara;Sente Barbelen tSente Pieters' (1458). 'Sente Barbara' (1533). 'Barbaristen' (1556);;Gent
beau006;Beaumont;Abraham;van;De wijngaertrancken [1541?];Wijngaertrancken;;De;Haarlem
beau006;Beaumont;Abraham;van;De witte angieren/ Wit Angieren [MMV. 275. 1593];Witte Angieren;;De;Haarlem
beau047;Beaurepaire;P.-A.;de;De ghilde van Sinte Katerine' (1541). 'De Spaderycke' (1541);Spaderijke;De ghilde van Sinte Katerine' (1541). 'De Spaderycke' (1541);De;Belle/Bailleul
been004;Beens;Dingman;;gesellen van Vroechdendael' (1492). ''t Bercken-Riis' (A'dam 1613);Vreugdendal;Gesellen van Vroechdendael' (1492). ''t Bercken-Riis' (1613). 'Vreuchden-Dal' (1613). ''t Beirkenreys off Vreuchdendal' (1616). 'de camer van Rhetorica genaempt het Vreuchdendal oft het Berckenrys' (1617). 'bercken rijs' (1620);Het;Breda
behe002;Beheyt;Maerten;;D'orange lelie [1595]/De witte lelie [1590];Orange Lelie / De Witte Lelie;;De;Leiden
bell015;Bellet;Jan;;'De Roziers' (1424 - 1448);Roziers;De Roziers' (1424 - 1448). 'Rosiers' (1449). 'Rozieren' (1521);De;Ieper
berc001;Berch;Goossen;ten;De pellicaen [1503];Pellicaen;;De;Haarlem
berc007;Berckmans;Joris;;'dOngheleerde' (1481-hs. 1561);Ongeleerden;Ongheleerde' (1481-1561). 'Het Iennettebloemken. van Liere. ghenoempt dOngheleerde' (1561). 'Iennetteken' (1620). 'Iennette' (1620);De;Lier
berc009;Berch;Herman;van den;De Witte Ackoleyen;Witte Ackoleyen;;De;Leiden
berg038;Bergh;Adriaen;van den;Het rosemarynbloemken/de Pellicaan;Rosemarynbloemken / De Pellicaan;;Het;Utrecht
berg051;Berghe;Jan;van den;Den Bouke' (1417). 'De Tyteloizen' (1485-86);Boeck;Den Bouke' (1417). 'gheselscap van den Boeke' (1420). 'De Tyteloizen' (1485-1486). 'Den Boeck' (1543-1562-1620-1647). 'Der Retoryck van den Boeck genomt de Tijtelooskens' (1561-1589). 'de Camere van den Boeck. geseyt de Tyteloose' (1647);Den;Brussel
berg051;Berghe;Jan;van den;de Violierbloeme' (in liggere bij 1480). 'Violieren' (1490). 'Violetten' (1493). 'De Violieren' (1561);Violieren;De Violierbloeme' (in liggere bij 1480). 'Violieren' (1490). 'Violetten' (1493). 'De Violieren' (1561). 'Violiere' (1562). 'gulde van de Violiere' (1619). 'Violieren' (1613). 'Violier' (1620);De;Antwerpen
beri002;Berioth;Nicolaas;;'Die Vlas(ch)bloem' (1620);Vlasbloem;'Die Vlas(ch)bloem' (1620);De;Helmond
bern022;Bernarts;Jasper;;D'orange lelie [1595]/De witte lelie [1590];Orange Lelie / De Witte Lelie;;De;Leiden
bern022;Bernarts;Jasper;;[naam onbekend];[naam onbekend];;;Scherpenisse
bets002;Bets;Theodoor Roodenbosch;;de Violierbloeme' (in liggere bij 1480). 'Violieren' (1490). 'Violetten' (1493). 'De Violieren' (1561);Violieren;De Violierbloeme' (in liggere bij 1480). 'Violieren' (1490). 'Violetten' (1493). 'De Violieren' (1561). 'Violiere' (1562). 'gulde van de Violiere' (1619). 'Violieren' (1613). 'Violier' (1620);De;Antwerpen
bie_001;Bie;Cornelis;de;'De Groeyenden Boom' (1479-1561-1562-1620);Groeiende Boom;'De Groeyenden Boom' (1479-1561-1562-1620);De;Lier
boec006;Boeckx;Bertelmeüs;;'dOngheleerde' (1481-hs. 1561);Ongeleerden;Ongheleerde' (1481-1561). 'Het Iennettebloemken. van Liere. ghenoempt dOngheleerde' (1561). 'Iennetteken' (1620). 'Iennette' (1620);De;Lier
boec010;Boeckaert;J.;;De roode angieren [1597?];Roode Angieren;;De;Hoorn
boll005;Bollaert;Samuel;;Het bloemken Jesse [?];Bloemken Jesse;;Het;Middelburg
bont016;Bont;Joh. Sz.;de;de Eglentier (onbekend);Eglentier;;De;Amsterdam
boom006;Boomgart;Jan;;'De Christusooghen' (1503-1561-1562-1620);Christusogen;'De Christusooghen' (1503-1561-1562-1620);De;Diest
boon030;Boon van Ostade;G.;;De goudsbloem/ die Goutsbloeme [1581];Goudsbloem;;De;Gouda
borg013;Borght;Joannes Franciscus;van der;'dOngheleerde' (1481-hs. 1561);Ongeleerden;Ongheleerde' (1481-1561). 'Het Iennettebloemken. van Liere. ghenoempt dOngheleerde' (1561). 'Iennetteken' (1620). 'Iennette' (1620);De;Lier
bort002;Bortel;Melchior Balthazar;van;'De Groeyenden Boom' (1479-1561-1562-1620);Groeiende Boom;'De Groeyenden Boom' (1479-1561-1562-1620);De;Lier
boss005;Bossche;Jan;vanden;den ghesellen van Sente Rochus' (1493). 'Rethorisienen vander Distelbloeme' (register Corenbloem 1561);Distelbloem;Den ghesellen van Sente Rochus' (1493). 'Rethorisienen van der Distelbloeme' (register Corenbloem 1561). ''Distelbloemken' (bundel Jan vanden Bossche);De;Dendermonde
bot_002;Bot;Ghoossen Cornelis;;De goudsbloem/ die Goutsbloeme [1581];Goudsbloem;;De;Gouda
bran008;Brande;Geeraerd;van den;'Den Olijftack' (1556-1559-1561-1562-1616);Olijftak;Den Olijftack' (1556-1559-1561-1562-1616). 'Gulde van den Heyligen Geest die men noempt den Olyftack' (reglement 1618). 'Olyftack' (1620). 'Tackxen van Olijven' (1620);De;Antwerpen
bran247;Brand;J.;van den;De witte lelyen/Missus Scholieren;Witte Lelyen / Missus Scholieren;;De;Veere
bran248;Brandt;B.;;De witte lelyen/Missus Scholieren;Witte Lelyen / Missus Scholieren;;De;Veere
brec024;Brecht;A.;v.;De witte lelyen/Missus Scholieren;Witte Lelyen / Missus Scholieren;;De;Veere
bred001;Bredero;G.A.;;de Eglentier (onbekend);Eglentier;;De;Amsterdam
bred082;Breda;G.;van;De roo roosen;Roo Roosen;;De;Schiedam
breu004;Breughel;Gerrit Hendricksz.;van;Het Wit Lavendel/ Het Lavenderbloemken [1598];Wit Lavendel;;Het;Amsterdam
brey005;Brey;A.;van;'t Seghelbloemken [1613?];Seghelbloemken;;Het;Gorkum
brie043;Brienen;C.;v.;De witte lelyen/Missus Scholieren;Witte Lelyen / Missus Scholieren;;De;Veere
brow032;Brown;A.A.;;De witte lelyen/Missus Scholieren;Witte Lelyen / Missus Scholieren;;De;Veere
burc001;Burchgrave;Peter Jacob;de;‘Drooghaerts' (1609);Drogaards;‘Drooghaerts' (1609);De;Wervik
cass002;Cassiere;Jacob Jacobsz.;;'Moises Doren' (1530);Mozes Doorn;Moises Doren' (1530). 'Moyses Doren' (1539). 'De vierige doornbosch' (Antwerpen 1574). 'Moyses Bosch' (1613). 'der caemere van Rethorica van Moyses dooren' (1615). 'Moijses bosch' (1620). 'Moyses Bosch' (1620). 'Den Vierighen Dooren' (1620). 'die Camere van Moyses Doren' (1628);;'s-Hertogenbosch
cast005;Castelein;Matthijs;de;Retorike van Pamele' (1468?-1471). 'De Kersauwe' (1472?-reglement 1556);Kersouwe;Retorike van Pamele' (1468-1471). 'De Kersauwe' (1472-1556). 'Kerssouken' (1562). 'De Kersouwe' (1613);De;Oudenaarde (Pamele)
cast005;Castelein;Matthijs;de;'scole van Pax Vobis' (1482);Pax Vobis;scole van Pax Vobis' (1482). 'den gheselscepe van Pax Vobis' (reglement 1490). 'den gheselscipe van den Rethorijken van Pax Vobis' (1519);;Oudenaarde
catz001;Catz;Dirck;van;De korenbloem/Koernbloemkens [1558]/Corenbloem;Korenbloem;;De;Den Haag
caud002;Caudron jr.;Guilliam;;ghesellen van der Rethorike in 't gulde van Sinte Kathelinen' (1481). 'Gebroken Rat' (1493);Catharinisten;Ghesellen van der Rethorike in 't gulde van Sinte Kathelinen' (1481). ''t Gebroken Rat' (1493). 'guldebroeders van Sinte Katherine' (reglement Sint-Barbara 1541);De;Aalst
caud003;Caudron sr.;Guilliam;;ghesellen van der Rethorike in 't gulde van Sinte Kathelinen' (1481). 'Gebroken Rat' (1493);Catharinisten;Ghesellen van der Rethorike in 't gulde van Sinte Kathelinen' (1481). ''t Gebroken Rat' (1493). 'guldebroeders van Sinte Katherine' (reglement Sint-Barbara 1541);De;Aalst
cauw002;Cauwe;Pieter;;Den Heilighen Gheest' (1442)'. 'Pensee' of 'Penseken' (1628) of 'Penséeblomken' (doopbrief 1628);Heilige Geest;Den Heilighen Gheest' (1442)'. 'Heylighen Gheest' (1620). 'Pensee' of 'Penseken' (1628) of 'Penséeblomken' (1628);De;Brugge
celo001;Celosse;Jacobus;;D'orange lelie [1595]/De witte lelie [1590];Orange Lelie / De Witte Lelie;;De;Leiden
char043;Charles;Balthasar;;'Den Olijftack' (1556-1559-1561-1562-1616);Olijftak;Den Olijftack' (1556-1559-1561-1562-1616). 'Gulde van den Heyligen Geest die men noempt den Olyftack' (reglement 1618). 'Olyftack' (1620). 'Tackxen van Olijven' (1620);De;Antwerpen
citr008;Citry;Charles;;Gilde van het Heilig Kruis;Gilde van het Heilig Kruis;;;
clae024;Claerbout;Joos;;De blaeu acolye;Blaeu Acolye;;De;Vlissingen
cler003;Clerck;Claude;de;'De Lichtgeladen' (1448);Lichtgeladen;De Lichtgeladen' (1448). ook Onze Lieve Vrouwe van Alsemberge. ook geheeten de Korenbloem (IH. 130605);De;Ieper
cler025;Clerck;Jacob;de;S. Anna. gheseyt Ghedienstigh in ’t werck’ (1652);Sint-Anna;S. Anna. gheseyt Ghedienstigh in ’t werck’ (1652);;Hazebroek/Hazebrouck
clou001;Clouwens;Jacob;;'Der Goudbloemen' (1490-1519);Goudbloem;Der Goudbloemen' (1490-1519). 'Der Gulden Bloeme' (1493). 'Der Goudtbloemen' (1529). 'Goublommen' (1559). 'De Goubloeme' (1561-1562). 'Govdt-blom(e)' (1620). 'Govtblom' (1620). 'Govblome' (1620). 'Der Gulde van onse Lieve Vrouwe genaempt de Goud-blom groeijnde in deuchden' (1630);De;Antwerpen
codd003;Codde;D.;van;De Witte Ackoleyen;Witte Ackoleyen;;De;Leiden
coma002;Comans;Rener;;'De Roode Roos' (Mantelius 1663);Roose;'Roose' (1620);De;Hasselt
cond001;Condé;J.J.;de;'Marie cransken vanden Zeven Ween' (1511);Mariacransken;Marie cransken van den Zeven Ween' (1511). 'de Retorisiennen van der Lelyen. vereenicht metter Violetten geheeten Marie cransken'(1511-1620). Het Marie Cransken' (1561). 'Marien Cransken' (1562). 'Maria Cransken' (1561-1562). 'Het Mari-cransken' (1620). 'Maria Crans' (1620). 'Mari-crans' (1620). 'Marie Cranscamere' (1647);Het;Brussel
coni008;Conincq;Frederico Cornelio;de;de Violierbloeme' (in liggere bij 1480). 'Violieren' (1490). 'Violetten' (1493). 'De Violieren' (1561);Violieren;De Violierbloeme' (in liggere bij 1480). 'Violieren' (1490). 'Violetten' (1493). 'De Violieren' (1561). 'Violiere' (1562). 'gulde van de Violiere' (1619). 'Violieren' (1613). 'Violier' (1620);De;Antwerpen
coni009;Conincx;Bertelmeeuw;;'Den Olijftack' (1556-1559-1561-1562-1616);Olijftak;Den Olijftack' (1556-1559-1561-1562-1616). 'Gulde van den Heyligen Geest die men noempt den Olyftack' (reglement 1618). 'Olyftack' (1620). 'Tackxen van Olijven' (1620);De;Antwerpen
coni048;Conink;T.A.;;De witte lelie en blauwe acolye/Missus Scholieren;Witte Lelie en Blauwe Acolye/Missus Scholieren;;De;Veere
coor001;Coornhert;D.V.;;de Eglentier (onbekend);Eglentier;;De;Amsterdam
coor005;Coornhert;F.V.;;Het Wit Lavendel/ Het Lavenderbloemken [1598];Wit Lavendel;;Het;Amsterdam
copp010;Coppens;J.;;De blaeu acolye;Blaeu Acolye;;De;Vlissingen
cost001;Coster;Samuel;;de Eglentier (onbekend);Eglentier;;De;Amsterdam
cost009;Costere;Frans;de;'gesellen vander Pyonen' (1472);Peoene;Gesellen van der Pyonen' (1472). 'De Pioen Bloeme' (1561). 'Peoene' (1562-1620). 'Peoen' (1620);De;Mechelen
cree007;Creenburch;Mathijs;van;De Witte Ackoleyen;Witte Ackoleyen;;De;Leiden
crom010;Cromvoirt;Govert;;‘den gesellen van Ste Katherynen spelen’ (1496). 'De Catharinisten' (Haarlem 1613);Catharinisten;‘Den gesellen van Sinte Katherynen spelen’ (1496). 'De Catharinisten' (1613). 'Catharynisten' (1620). 'Catrinisten' (1620). 'Sinte Catharina' (1628);De;'s-Hertogenbosch
croo006;Croos;Anthoni;vander;'t Groen Laurierspruyt [1641]/ De Ionghe Bataviers [1629]/ De jonge Batavieren [1632]/;Groen Laurierspruyt / De jonge Batavieren;;Het;Den Haag
dael011;Daelhem;Melchior;van;'De Roode Roos' (Mantelius 1663);Roose;'Roose' (1620);De;Hasselt
dale004;Dale;Jan;van den;'Marie cransken vanden Zeven Ween' (1511);Mariacransken;Marie cransken van den Zeven Ween' (1511). 'de Retorisiennen van der Lelyen. vereenicht metter Violetten geheeten Marie cransken'(1511-1620). Het Marie Cransken' (1561). 'Marien Cransken' (1562). 'Maria Cransken' (1561-1562). 'Het Mari-cransken' (1620). 'Maria Crans' (1620). 'Mari-crans' (1620). 'Marie Cranscamere' (1647);Het;Brussel
dale004;Dale;Jan;van den;'De Vyoletten' (1485-86);Violette;'Geselscap van der Vyoletten' (1485-1486);De;Brussel
damm066;Damme;C.D.;;'Den Bloeyenden Wyngaert' (1561);Bloeiende Wijngaard;Den Bloeyenden Wyngaert' (1561). 'Den Bloeyende Wijngaertrancke' (1562). 'Wijngaertrancke' (1562). De Bloeyende Wijngaert' (1562). 'Den Wijngaert' (Brussel 1565);De;Berchem
delm002;Delmeere;Jan;;'scole van Pax Vobis' (1482);Pax Vobis;scole van Pax Vobis' (1482). 'den gheselscepe van Pax Vobis' (reglement 1490). 'den gheselscipe van den Rethorijken van Pax Vobis' (1519);;Oudenaarde
dene001;Dene;Eduard;de;'ghilde ende broederscepe vanden Drien Santinnen' (1494);Drie Santinnen;'Ghilde ende broederscepe van den Drien Santinnen' (1494);De;Brugge
deut002;Deutel;Jan Jansz.;;De roode angieren [1597?];Roode Angieren;;De;Hoorn
dien001;Dienberghe;Jan Baptist;;Den Heilighen Gheest' (1442)'. 'Pensee' of 'Penseken' (1628) of 'Penséeblomken' (doopbrief 1628);Heilige Geest;Den Heilighen Gheest' (1442)'. 'Heylighen Gheest' (1620). 'Pensee' of 'Penseken' (1628) of 'Penséeblomken' (1628);De;Brugge
diep003;Diephout;Reinier;van;;Nil volentibus arduum;;;Amsterdam
diep007;Diependale;Hendrik;;'geselscap vander Roosen' (1452-1481);Roose;Geselscap van der Roosen' (1452-1481). 'De Roose' (1561). 'Het Roosken' (1562). 'Roose' (1562-1620);De;Leuven
dier005;Diertyds;François;;de Violierbloeme' (in liggere bij 1480). 'Violieren' (1490). 'Violetten' (1493). 'De Violieren' (1561);Violieren;De Violierbloeme' (in liggere bij 1480). 'Violieren' (1490). 'Violetten' (1493). 'De Violieren' (1561). 'Violiere' (1562). 'gulde van de Violiere' (1619). 'Violieren' (1613). 'Violier' (1620);De;Antwerpen
does009;Does;Jan Pietersz;de;Het Kyndeke Jesus in die wijndruijven/De Pellicaen [1511]/Speelcooren [voor 1593. MMV. 275];Kyndeke Jesus in die Wijndruijven / De Pellicaen / Speelcooren;;Het;Haarlem
droo008;Droomers;Jan;;'ghilde ende broederscepe vanden Drien Santinnen' (1494);Drie Santinnen;'Ghilde ende broederscepe van den Drien Santinnen' (1494);De;Brugge
duir001;Duirkant;Andries;;Het Wit Lavendel/ Het Lavenderbloemken [1598];Wit Lavendel;;Het;Amsterdam
duym001;Duym;Jacob;;D'orange lelie [1595]/De witte lelie [1590];Orange Lelie / De Witte Lelie;;De;Leiden
dwin003;Dwinglo;J.;;De roo roosen;Roo Roosen;;De;Schiedam
eemb001;Eembd;Govert;van der;De wijngaertrancken [1541?];Wijngaertrancken;;De;Haarlem
eepe001;Eepen;Jacob;van;De witte lelie en blauwe acolye/Missus Scholieren;Witte Lelie en Blauwe Acolye/Missus Scholieren;;De;Veere
eepe002;Eepen;Joannes;van;De blaeu acolye;Blaeu Acolye;;De;Vlissingen
elia007;Elias;Willem;;'De Lylien' (1481);Lelie;De Lylien' (1481). 'De Lelie Bloeme' (1561). 'Leli Broeders' (1620). 'die Leliebloeme' (1630);De;Diest
elin002;Elincx;Joannes;;'gesellen vander Pyonen' (1472);Peoene;Gesellen van der Pyonen' (1472). 'De Pioen Bloeme' (1561). 'Peoene' (1562-1620). 'Peoen' (1620);De;Mechelen
enge002;Engelen;Roeland;van;'Den Olijftack' (1556-1559-1561-1562-1616);Olijftak;Den Olijftack' (1556-1559-1561-1562-1616). 'Gulde van den Heyligen Geest die men noempt den Olyftack' (reglement 1618). 'Olyftack' (1620). 'Tackxen van Olijven' (1620);De;Antwerpen
enge002;Engelen;Roeland;van;de Violierbloeme' (in liggere bij 1480). 'Violieren' (1490). 'Violetten' (1493). 'De Violieren' (1561);Violieren;De Violierbloeme' (in liggere bij 1480). 'Violieren' (1490). 'Violetten' (1493). 'De Violieren' (1561). 'Violiere' (1562). 'gulde van de Violiere' (1619). 'Violieren' (1613). 'Violier' (1620);De;Antwerpen
ever003;Everaert;Cornelis;;'ghilde ende broederscepe vanden Drien Santinnen' (1494);Drie Santinnen;'Ghilde ende broederscepe van den Drien Santinnen' (1494);De;Brugge
ever003;Everaert;Cornelis;;Den Heilighen Gheest' (1442)'. 'Pensee' of 'Penseken' (1628) of 'Penséeblomken' (doopbrief 1628);Heilige Geest;Den Heilighen Gheest' (1442)'. 'Heylighen Gheest' (1620). 'Pensee' of 'Penseken' (1628) of 'Penséeblomken' (1628);De;Brugge
eyck005;Eyckenhorn;Arent;van;De lelijkens onder de doornen [omschrift: Sicut lilium inter spinas];Lelijkens onder de Doornen;;De;Noordwijk
fall001;Fallet;Gideon;;de Eglentier (onbekend);Eglentier;;De;Amsterdam
fayd001;Fayd'herbe;Hendrik;;'gesellen vander Pyonen' (1472);Peoene;Gesellen van der Pyonen' (1472). 'De Pioen Bloeme' (1561). 'Peoene' (1562-1620). 'Peoen' (1620);De;Mechelen
font002;Fonteyn;Johan;;de Eglentier (onbekend);Eglentier;;De;Amsterdam
forn002;Fornenbergh;Alexander;van;de Violierbloeme' (in liggere bij 1480). 'Violieren' (1490). 'Violetten' (1493). 'De Violieren' (1561);Violieren;De Violierbloeme' (in liggere bij 1480). 'Violieren' (1490). 'Violetten' (1493). 'De Violieren' (1561). 'Violiere' (1562). 'gulde van de Violiere' (1619). 'Violieren' (1613). 'Violier' (1620);De;Antwerpen
fort008;Fortuin;J.M.;;den Laurier [MMV. 274. 1593] 't Lauwerier [1641];Laurier;;Den;Alkmaar
frae002;Fraet;Frans;;de Violierbloeme' (in liggere bij 1480). 'Violieren' (1490). 'Violetten' (1493). 'De Violieren' (1561);Violieren;De Violierbloeme' (in liggere bij 1480). 'Violieren' (1490). 'Violetten' (1493). 'De Violieren' (1561). 'Violiere' (1562). 'gulde van de Violiere' (1619). 'Violieren' (1613). 'Violier' (1620);De;Antwerpen
fran030;Franssoon;Jan;;de Eglentier (onbekend);Eglentier;;De;Amsterdam
fruy001;Fruytiers;Johan;;De roode angieren;Roode Angieren;;De;Rijnsburg
gant004;Gant;D.;;'De Zebaer herten' (1516-1517);Zebaer herten;De Zebaer herten' (1516-1517). 'ghulde van mer vrauwen Sente Barbara' (1516);De;Roeselare
geer028;Geeraerts;Nicolaas;;'dOngheleerde' (1481-hs. 1561);Ongeleerden;Ongheleerde' (1481-1561). 'Het Iennettebloemken. van Liere. ghenoempt dOngheleerde' (1561). 'Iennetteken' (1620). 'Iennette' (1620);De;Lier
gerw001;Gerwen;Jonas;van;De pellicaen [1503];Pellicaen;;De;Haarlem
gerw001;Gerwen;Jonas;van;De wijngaertrancken [1541?];Wijngaertrancken;;De;Haarlem
gher001;Gherartsz;Jan;;'ghesellen vander Vroeghdenbloeme' (1470);Vreugdebloem;Ghesellen van der Vroeghdenbloeme' (1470). 'gilde der Vreughdenbloeme' (1479). 'gulde van der Vroeghdenbloeme' (1496). 'der Vreuchdenbloeme' (1561). 'Vreugden Blom' (1620). 'Ionghe Vrevghden-blomme' (1620). 'Ionghe Vreughde-bloem' (Amsterdam 1624).;De;Bergen op Zoom
gher008;Gherwen;Jonas;van;De wijngaertrancken [1541?];Wijngaertrancken;;De;Haarlem
gheu002;Gheurts;Reijer;;de Eglentier (onbekend);Eglentier;;De;Amsterdam
ghis001;Ghistele;Cornelis;van;'Der Goudbloemen' (1490-1519);Goudbloem;Der Goudbloemen' (1490-1519). 'Der Gulden Bloeme' (1493). 'Der Goudtbloemen' (1529). 'Goublommen' (1559). 'De Goubloeme' (1561-1562). 'Govdt-blom(e)' (1620). 'Govtblom' (1620). 'Govblome' (1620). 'Der Gulde van onse Lieve Vrouwe genaempt de Goud-blom groeijnde in deuchden' (1630);De;Antwerpen
ghys003;Ghysemans;Philips;;'gesellen vander Pyonen' (1472);Peoene;Gesellen van der Pyonen' (1472). 'De Pioen Bloeme' (1561). 'Peoene' (1562-1620). 'Peoen' (1620);De;Mechelen
gijs010;Gijseleers-Thijs;Peter;;'gesellen vander Pyonen' (1472);Peoene;Gesellen van der Pyonen' (1472). 'De Pioen Bloeme' (1561). 'Peoene' (1562-1620). 'Peoen' (1620);De;Mechelen
godi015;Godin;Jacob;;De witte lelie en blauwe acolye/Missus Scholieren;Witte Lelie en Blauwe Acolye/Missus Scholieren;;De;Veere
gomm003;Gommersz;Job;;De blauwe acoleyen [1563];Blauwe Acoleyen;;De;Nieuwerkerk
goos009;Goossens;Hans of Jan;;de Violierbloeme' (in liggere bij 1480). 'Violieren' (1490). 'Violetten' (1493). 'De Violieren' (1561);Violieren;De Violierbloeme' (in liggere bij 1480). 'Violieren' (1490). 'Violetten' (1493). 'De Violieren' (1561). 'Violiere' (1562). 'gulde van de Violiere' (1619). 'Violieren' (1613). 'Violier' (1620);De;Antwerpen
gort007;Gortter;Willem;de;'gesellen vander Pyonen' (1472);Peoene;Gesellen van der Pyonen' (1472). 'De Pioen Bloeme' (1561). 'Peoene' (1562-1620). 'Peoen' (1620);De;Mechelen
gova020;Govaerts;Egidius Johannes;;De witte lelie en blauwe acolye/Missus Scholieren;Witte Lelie en Blauwe Acolye/Missus Scholieren;;De;Veere
gove002;Govertsen;Jan;;De wijngaertrancken [1541?];Wijngaertrancken;;De;Haarlem
grie010;Griethuysen;Willem Theodorus;van;Maatschappij der Nederlandsche Letterkunde;Maatschappij der Nederlandsche Letterkunde;;;
guld003;Guldepoort;Francois;;'gesellen vander Pyonen' (1472);Peoene;Gesellen van der Pyonen' (1472). 'De Pioen Bloeme' (1561). 'Peoene' (1562-1620). 'Peoen' (1620);De;Mechelen
haak029;Haak Kerkman;Hendrik;;De witte lelie en blauwe acolye/Missus Scholieren;Witte Lelie en Blauwe Acolye/Missus Scholieren;;De;Veere
haec001;Haecht;Willem;van;de Violierbloeme' (in liggere bij 1480). 'Violieren' (1490). 'Violetten' (1493). 'De Violieren' (1561);Violieren;De Violierbloeme' (in liggere bij 1480). 'Violieren' (1490). 'Violetten' (1493). 'De Violieren' (1561). 'Violiere' (1562). 'gulde van de Violiere' (1619). 'Violieren' (1613). 'Violier' (1620);De;Antwerpen
hard001;Harduwijn;Justus;de;ghesellen van der Rethorike in 't gulde van Sinte Kathelinen' (1481). 'Gebroken Rat' (1493);Catharinisten;Ghesellen van der Rethorike in 't gulde van Sinte Kathelinen' (1481). ''t Gebroken Rat' (1493). 'guldebroeders van Sinte Katherine' (reglement Sint-Barbara 1541);De;Aalst
hatt005;Hattum;Ludolph;van;de Violierbloeme' (in liggere bij 1480). 'Violieren' (1490). 'Violetten' (1493). 'De Violieren' (1561);Violieren;De Violierbloeme' (in liggere bij 1480). 'Violieren' (1490). 'Violetten' (1493). 'De Violieren' (1561). 'Violiere' (1562). 'gulde van de Violiere' (1619). 'Violieren' (1613). 'Violier' (1620);De;Antwerpen
heem007;Heemssen;Jan David;;'Den Olijftack' (1556-1559-1561-1562-1616);Olijftak;Den Olijftack' (1556-1559-1561-1562-1616). 'Gulde van den Heyligen Geest die men noempt den Olyftack' (reglement 1618). 'Olyftack' (1620). 'Tackxen van Olijven' (1620);De;Antwerpen
heer001;Heere;Lucas;de;'broederscaps der Balsemen' (1493);Balsemblomme;Broederscap der Balsemen' (1493). 'Balsemieren (1505). 'Rethorijcser hooftcamere ende broederscepe der Balsemen' (1505). 'een Overste ende souvereyne Camere ende broederscip van der voorscreven Rethorijcke onder den godliken ende weerdeghen name Jhesus met der Balsem bloume daer toe ghevought' (1508-1512-1513);De;Gent
hell018;Hellendoorn;Jacobus;;Maatschappij der Nederlandsche Letterkunde;Maatschappij der Nederlandsche Letterkunde;;;
herp004;Herpener;Peter;de;de Violierbloeme' (in liggere bij 1480). 'Violieren' (1490). 'Violetten' (1493). 'De Violieren' (1561);Violieren;De Violierbloeme' (in liggere bij 1480). 'Violieren' (1490). 'Violetten' (1493). 'De Violieren' (1561). 'Violiere' (1562). 'gulde van de Violiere' (1619). 'Violieren' (1613). 'Violier' (1620);De;Antwerpen
hess008;Hessen;Willem;;De wijngaertrancken [1541?];Wijngaertrancken;;De;Haarlem
heyn002;Heyns;Peter;;'Den Bloeyenden Wyngaert' (1561);Bloeiende Wijngaard;Den Bloeyenden Wyngaert' (1561). 'Den Bloeyende Wijngaertrancke' (1562). 'Wijngaertrancke' (1562). De Bloeyende Wijngaert' (1562). 'Den Wijngaert' (Brussel 1565);De;Berchem
heyn003;Heyns;Zacharias;;Het Wit Lavendel/ Het Lavenderbloemken [1598];Wit Lavendel;;Het;Amsterdam
hiem003;Hieman;Frans;;'Sente Barbelen t'Sente Pieters' (1458);Sint-Barbara;Sente Barbelen tSente Pieters' (1458). 'Sente Barbara' (1533). 'Barbaristen' (1556);;Gent
hild026;Hildernisse;Reijmert;;De witte lelie en blauwe acolye/Missus Scholieren;Witte Lelie en Blauwe Acolye/Missus Scholieren;;De;Veere
hinl003;Hinlopen;Jan;;Maatschappij der Nederlandsche Letterkunde;Maatschappij der Nederlandsche Letterkunde;;;
hoek105;Hoeksteen;Pieter;;De wijngaertrancken [1541?];Wijngaertrancken;;De;Haarlem
hoev001;Hoeven;Emanuel;van der;;Nil volentibus arduum;;;Amsterdam
hoge001;Hogendorp;Gijsbrecht;van;De Rapenbloem/De rapenbloemkens [1556];Rapenbloem;;De;Delft
hont001;Hont;Jacob;de;'ghezellen vander Retorycke van Sint Omcommere' (1504);Sint-Ontcommere;Ghezellen van der Retorycke van Sint Omcommere' (1504). 'De Vier Melcteelen' (in slotverzen spel 1539);;Axel
hoof001;Hooft;P.C.;;de Eglentier (onbekend);Eglentier;;De;Amsterdam
hoof002;Hooft;Willem Dirckszoon;;de Eglentier (onbekend);Eglentier;;De;Amsterdam
hoof002;Hooft;Willem Dirckszoon;;De vergulden Byekorf/Bloeyende Eglantier/Amsterdamsche kamer/Academie [1632];Vergulden Byekorf / Bloeyende Eglantier / Amsterdamsche Kamer / Academie;;De;Amsterdam
hoog001;Hooghe;Romein;de;'gesellen vander Pyonen' (1472);Peoene;Gesellen van der Pyonen' (1472). 'De Pioen Bloeme' (1561). 'Peoene' (1562-1620). 'Peoen' (1620);De;Mechelen
hors004;Horst;Anna;van der;;Kunstliefde spaart geen vlijt;1772-1864. het archief berust in het Gemeentearchief 's-Gravenhage;;Den Haag
hout001;Hout;Jan;van;De Witte Ackoleyen;Witte Ackoleyen;;De;Leiden
hout002;Hout;Cornelis Meesz.;van;De Witte Ackoleyen;Witte Ackoleyen;;De;Leiden
hoze001;Hoze;Joris;de;camer van Sinte Appollonia' (1550). 'geselscap vander Heyblommen' (1550);Heibloem;camer van Sinte Appollonia' (1550). 'geselscap van der Heyblommen' (1550). 'Die Heybloeme' (1561). 'Heyblom' (1620);De;Turnhout
huae001;Huaert;Antonis;de;De Lelie' (Brussel 1565). 'd'Onghe VIII' (1622);Lelie;De Lelie' (Brussel 1565). 'dOnghe VIII' (1622);De;Halle
hye_001;Hye;Jacob;;tgheselscip vander Fontaine' (1448). 'Fonteine' (1448);Fonteine;Gheselscip van der Fontaine' (1448). 'Fonteine' (1448). 'gheselscepe van der Helegher Drivuldicheit. dat men eedt de Fonteyne' (1528). 'gulde der Helegher Dryvuldicheit ghenaemt de Fonteine' (1548). 'Fonteinisten' (1608);De;Gent
jaap001;Jaapsz;Adriaan;;De vreuchdenbloem/ gesellen van den vroechdenbloeme [1503]/de Vreuchdenblom;Vreuchdenbloem;;De;Brielle
jaco040;Jacobs;Jan;;de Eglentier (onbekend);Eglentier;;De;Amsterdam
jans065;Janssens;Nicolaes;;'t Wit Roosken'. ''t Witte Rosierkens' (1618);Witte Roos;'t Wit Roosken'. ''t Witte Rosierkens' (1618);De;Roosendaal
jans074;Jansz.;Lauris;;De wijngaertrancken [1541?];Wijngaertrancken;;De;Haarlem
jans075;Jansz;Rutgaert;;de Eglentier (onbekend);Eglentier;;De;Amsterdam
jonc001;Jonck;Jacob Jacobzoon;;de Eglentier (onbekend);Eglentier;;De;Amsterdam
jonc010;Jonck-Heere;Matthijs;;De blaeu acolye;Blaeu Acolye;;De;Vlissingen
jong533;Jongbloedt;Thieleman;;De witte lelie en blauwe acolye/Missus Scholieren;Witte Lelie en Blauwe Acolye/Missus Scholieren;;De;Veere
joos010;Joostensz.;Cornelis;;De hofbloemkens [1581];Hofbloemkens;;De;De Lier
jori006;Jorisz;Cornelis;;De lelijkens onder de doornen [omschrift: Sicut lilium inter spinas];Lelijkens onder de Doornen;;De;Noordwijk
kamp014;Kampen;Cornelis Jacobsz.;van;de Eglentier (onbekend);Eglentier;;De;Amsterdam
kann005;Kannenburch;Hendrik;van;Het bloemken Jesse [?];Bloemken Jesse;;Het;Middelburg
keld004;Kelderman;Ferdinand;;Den Heilighen Gheest' (1442)'. 'Pensee' of 'Penseken' (1628) of 'Penséeblomken' (doopbrief 1628);Heilige Geest;Den Heilighen Gheest' (1442)'. 'Heylighen Gheest' (1620). 'Pensee' of 'Penseken' (1628) of 'Penséeblomken' (1628);De;Brugge
kemp001;Kemp;Abraham;;'t Seghelbloemken [1613?];Seghelbloemken;;Het;Gorkum
kerr001;Kerricx;Guillam Ignatio;;'Den Olijftack' (1556-1559-1561-1562-1616);Olijftak;Den Olijftack' (1556-1559-1561-1562-1616). 'Gulde van den Heyligen Geest die men noempt den Olyftack' (reglement 1618). 'Olyftack' (1620). 'Tackxen van Olijven' (1620);De;Antwerpen
kerr001;Kerricx;Guillam Ignatio;;de Violierbloeme' (in liggere bij 1480). 'Violieren' (1490). 'Violetten' (1493). 'De Violieren' (1561);Violieren;De Violierbloeme' (in liggere bij 1480). 'Violieren' (1490). 'Violetten' (1493). 'De Violieren' (1561). 'Violiere' (1562). 'gulde van de Violiere' (1619). 'Violieren' (1613). 'Violier' (1620);De;Antwerpen
kete001;Ketel;Cornelis;;de Eglentier (onbekend);Eglentier;;De;Amsterdam
kiel001;Kiele;Jan;van den;'sekere Gulde ofte vergeeringhe van Rethorycken heur noemende de Bloeme oft Camere van de Damastbloeme' (1542);Damastbloem;'Sekere Gulde ofte vergeeringhe van Rethorycken heur noemende de Bloeme oft Camere van de Damastbloeme' (1542);De;Antwerpen
kitt001;Kittenstein;C.;van;Het Kyndeke Jesus in die wijndruijven/De Pellicaen [1511]/Speelcooren [voor 1593. MMV. 275];Kyndeke Jesus in die Wijndruijven / De Pellicaen / Speelcooren;;Het;Haarlem
kolm001;Kolm;Jan Sijwertsz;;Het Wit Lavendel/ Het Lavenderbloemken [1598];Wit Lavendel;;Het;Amsterdam
komm001;Kommer;Cornelis;van den;De wijngaertrancken [1541?];Wijngaertrancken;;De;Haarlem
koni001;Koning;Abraham;de;Het Wit Lavendel/ Het Lavenderbloemken [1598];Wit Lavendel;;Het;Amsterdam
kopp001;Koppenol;Antonius;van;;Nil volentibus arduum;;;Amsterdam
krul001;Krul;Jan Harmensz.;;de Eglentier (onbekend);Eglentier;;De;Amsterdam
lang020;Langendijk;Pieter;;De pellicaen [1503];Pellicaen;;De;Haarlem
lang045;Langevelt;Cornelis;van;De lelijkens onder de doornen [omschrift: Sicut lilium inter spinas];Lelijkens onder de Doornen;;De;Noordwijk
lang261;Langendonck;P.;van;'Den Olijftack' (1556-1559-1561-1562-1616);Olijftak;Den Olijftack' (1556-1559-1561-1562-1616). 'Gulde van den Heyligen Geest die men noempt den Olyftack' (reglement 1618). 'Olyftack' (1620). 'Tackxen van Olijven' (1620);De;Antwerpen
lawe001;Lawet;Robert;;'De Zebaer herten' (1516-1517);Zebaer herten;De Zebaer herten' (1516-1517). 'ghulde van mer vrauwen Sente Barbara' (1516);De;Roeselare
leen021;Leendersz;Claes;;De blaeu acolye;Blaeu Acolye;;De;Vlissingen
leer024;Leerze;Franchois;;'geselscap vander Roosen' (1452-1481);Roose;Geselscap van der Roosen' (1452-1481). 'De Roose' (1561). 'Het Roosken' (1562). 'Roose' (1562-1620);De;Leuven
lemm003;Lemmens;Maarten;;'Terwebloetsele' (reglement 1518);Terwenbloetsel;Terwebloetsele' (1518). 'Bruerscap van den Terwenbloetsele' (ongedateerde aanvulling reglement). 'Terwenbloeysel' (1620). 'Terwen Bloetsel' (1620);Het;Aarschot
lena004;Lenaerts van Hoochstraten;Peeter;;'Der Goudbloemen' (1490-1519);Goudbloem;Der Goudbloemen' (1490-1519). 'Der Gulden Bloeme' (1493). 'Der Goudtbloemen' (1529). 'Goublommen' (1559). 'De Goubloeme' (1561-1562). 'Govdt-blom(e)' (1620). 'Govtblom' (1620). 'Govblome' (1620). 'Der Gulde van onse Lieve Vrouwe genaempt de Goud-blom groeijnde in deuchden' (1630);De;Antwerpen
lepe001;Lepel;Adriaen Lourisz;;De pellicaen [1503];Pellicaen;;De;Haarlem
lier009;Liere;Jan;van;De blaeu acolye;Blaeu Acolye;;De;Vlissingen
loke001;Lokefier;Gideon;;Den aeckerboom/ den Aeckeren boom [MMV. 275. 1593];Aeckerboom;;Den;Vlaardingen
loke001;Lokefier;Gideon;;De Willighe Rijsen;Willighe Rijsen;;De;Rijswijk
loke001;Lokefier;Gideon;;Den olyvenboom [1581];Olyvenboom;;De;Maasland
looc002;Loockefier;Gerbrand;;Den aeckerboom/ den Aeckeren boom [MMV. 275. 1593];Aeckerboom;;Den;Vlaardingen
lota001;Lota;Isaac;;De witte lelie en blauwe acolye/Missus Scholieren;Witte Lelie en Blauwe Acolye/Missus Scholieren;;De;Veere
lugt018;Lugt;Reijnier;vander;De witte lelie en blauwe acolye/Missus Scholieren;Witte Lelie en Blauwe Acolye/Missus Scholieren;;De;Veere
lust001;Lust;Steven Teunisz.;van der;De wijngaertrancken [1541?];Wijngaertrancken;;De;Haarlem
luyc001;Luycx;Henrick;;'De Goubloeme' (1524-1561);Goudbloem;De Goubloeme' (1524-1561). 'Goudt-blomken' (1620). 'Govtblomme' (1620);De;Vilvoorde
maar033;Maartsen;Jacob;;den Laurier [MMV. 274. 1593] 't Lauwerier [1641];Laurier;;Den;Alkmaar
maas019;Maas;Johannes;;De wijngaertrancken [1541?];Wijngaertrancken;;De;Haarlem
mael025;Mael;I.V.;;de Violierbloeme' (in liggere bij 1480). 'Violieren' (1490). 'Violetten' (1493). 'De Violieren' (1561);Violieren;De Violierbloeme' (in liggere bij 1480). 'Violieren' (1490). 'Violetten' (1493). 'De Violieren' (1561). 'Violiere' (1562). 'gulde van de Violiere' (1619). 'Violieren' (1613). 'Violier' (1620);De;Antwerpen
maer033;Maertens;Isaak;;De witte angieren/ Wit Angieren [MMV. 275. 1593];Witte Angieren;;De;Haarlem
mand001;Mander;Karel;van;De witte angieren/ Wit Angieren [MMV. 275. 1593];Witte Angieren;;De;Haarlem
mare003;Marel;Poulus;vander;De Willighe Rijsen;Willighe Rijsen;;De;Rijswijk
mart028;Martens;Gerrit;;De vygheboom [1614];Vygheboom;;De;Schiedam
math007;Mathysz.;Vincent;;De blaeu acolye;Blaeu Acolye;;De;Vlissingen
matt003;Mattelaer;Joost;;'gheselscip van den Heleghen Cruuce Ons Heeren' (1514);Kruisbroeders;Gheselscip van den Heleghen Cruuce Ons Heeren' (1514). 'ghezelscepe van Minlijc van herten door 't Cruuce Ons Heeren van Curtrijcke' (1516). 'den Crucebroeders' (1516). 'Cruusbroers' (1561);De;Kortrijk
maur044;Mauregnaeult;J.P.;de;De witte lelie en blauwe acolye/Missus Scholieren;Witte Lelie en Blauwe Acolye/Missus Scholieren;;De;Veere
meer209;Meerlant;Gilis;van;Sente Agneete gulde' (1477). 'Sente Agnete' (1479);Sint-Agnete;Sente Agneete gulde' (1477). 'Sente Agnete' (1479). 'gulde ende gheselscepe van Rethorijcken van Sente Agnete. ghenaemt de Bomelooze Mande' (1508);;Gent
merc006;Mercx;Gysbrecht;;Den Bouke' (1417). 'De Tyteloizen' (1485-86);Boeck;Den Bouke' (1417). 'gheselscap van den Boeke' (1420). 'De Tyteloizen' (1485-1486). 'Den Boeck' (1543-1562-1620-1647). 'Der Retoryck van den Boeck genomt de Tijtelooskens' (1561-1589). 'de Camere van den Boeck. geseyt de Tyteloose' (1647);Den;Brussel
meul004;Meulen;Andries;vander;'scole van Pax Vobis' (1482);Pax Vobis;scole van Pax Vobis' (1482). 'den gheselscepe van Pax Vobis' (reglement 1490). 'den gheselscipe van den Rethorijken van Pax Vobis' (1519);;Oudenaarde
meul022;Meulewels;Peter;;de Violierbloeme' (in liggere bij 1480). 'Violieren' (1490). 'Violetten' (1493). 'De Violieren' (1561);Violieren;De Violierbloeme' (in liggere bij 1480). 'Violieren' (1490). 'Violetten' (1493). 'De Violieren' (1561). 'Violiere' (1562). 'gulde van de Violiere' (1619). 'Violieren' (1613). 'Violier' (1620);De;Antwerpen
meur010;Meurs;Jacob;;De witte rose onder den doornen [1614] De palmboom/De samaritaen onder den palmboom [1616];Witte Rose onder den Doornen / De Palmboom / De Samaritaen onder den Palmboom;;De;Leiden
meyn001;Meynertsz;Egbert;;de Eglentier (onbekend);Eglentier;;De;Amsterdam
mich021;Michaelis;Michael;;De fiolieren [1596];Fiolieren;;De;'s Gravenpolder
midd009;Middeldonck;Jacob;van;'sekere Gulde ofte vergeeringhe van Rethorycken heur noemende de Bloeme oft Camere van de Damastbloeme' (1542);Damastbloem;'Sekere Gulde ofte vergeeringhe van Rethorycken heur noemende de Bloeme oft Camere van de Damastbloeme' (1542);De;Antwerpen
mild001;Mildert;Abraham;van;de Eglentier (onbekend);Eglentier;;De;Amsterdam
misp003;Mispelblom;Joannes Hendricks;;De nardusbloem [1555];Nardusbloem;;De;Goes
moer015;Moerman;Jan;;'Den Olijftack' (1556-1559-1561-1562-1616);Olijftak;Den Olijftack' (1556-1559-1561-1562-1616). 'Gulde van den Heyligen Geest die men noempt den Olyftack' (reglement 1618). 'Olyftack' (1620). 'Tackxen van Olijven' (1620);De;Antwerpen
mol_003;Mol;Jacob;de;de Violierbloeme' (in liggere bij 1480). 'Violieren' (1490). 'Violetten' (1493). 'De Violieren' (1561);Violieren;De Violierbloeme' (in liggere bij 1480). 'Violieren' (1490). 'Violetten' (1493). 'De Violieren' (1561). 'Violiere' (1562). 'gulde van de Violiere' (1619). 'Violieren' (1613). 'Violier' (1620);De;Antwerpen
moll003;Molle;Ambrosius;van;'dOngheleerde' (1481-hs. 1561);Ongeleerden;Ongheleerde' (1481-1561). 'Het Iennettebloemken. van Liere. ghenoempt dOngheleerde' (1561). 'Iennetteken' (1620). 'Iennette' (1620);De;Lier
mors001;Morsch;Pieter Cornelisz.;van der;De Witte Ackoleyen;Witte Ackoleyen;;De;Leiden
moya003;Moyaert;Zeger;;'De Distel-blom' (Vlissingen 1641);Distelbloem;'De Distel-blom' (Vlissingen 1641);De;Sluis
muss004;Mussem;Jan;van;'Communicanten' (1548);Communicanten;'Communicanten' (1548);De;Wormhout
muyr001;Muyr;Hendrik;van der;'t Seghelbloemken [1613?];Seghelbloemken;;Het;Gorkum
muys002;Muysere;Henrick;de;'geselscap vander Roosen' (1452-1481);Roose;Geselscap van der Roosen' (1452-1481). 'De Roose' (1561). 'Het Roosken' (1562). 'Roose' (1562-1620);De;Leuven
nael004;Naelhout;Jan;;De witte lelie en blauwe acolye/Missus Scholieren;Witte Lelie en Blauwe Acolye/Missus Scholieren;;De;Veere
nebb003;Nebbens;Laurens;;De witte lelie en blauwe acolye/Missus Scholieren;Witte Lelie en Blauwe Acolye/Missus Scholieren;;De;Veere
nebb004;Nebbens;Jacobus;;De witte lelie en blauwe acolye/Missus Scholieren;Witte Lelie en Blauwe Acolye/Missus Scholieren;;De;Veere
nebb005;Nebbens;Francois;;De witte lelie en blauwe acolye/Missus Scholieren;Witte Lelie en Blauwe Acolye/Missus Scholieren;;De;Veere
nieu001;Nieuwelandt;Guilliam;van;de Violierbloeme' (in liggere bij 1480). 'Violieren' (1490). 'Violetten' (1493). 'De Violieren' (1561);Violieren;De Violierbloeme' (in liggere bij 1480). 'Violieren' (1490). 'Violetten' (1493). 'De Violieren' (1561). 'Violiere' (1562). 'gulde van de Violiere' (1619). 'Violieren' (1613). 'Violier' (1620);De;Antwerpen
nieu001;Nieuwelandt;Guilliam;van;'Den Olijftack' (1556-1559-1561-1562-1616);Olijftak;Den Olijftack' (1556-1559-1561-1562-1616). 'Gulde van den Heyligen Geest die men noempt den Olyftack' (reglement 1618). 'Olyftack' (1620). 'Tackxen van Olijven' (1620);De;Antwerpen
nieu129;Nieuwpoort;Willem;van;De roo roosen;Roo Roosen;;De;Schiedam
noel001;Noelen;Wouter;van;'Moises Doren' (1530);Mozes Doorn;Moises Doren' (1530). 'Moyses Doren' (1539). 'De vierige doornbosch' (Antwerpen 1574). 'Moyses Bosch' (1613). 'der caemere van Rethorica van Moyses dooren' (1615). 'Moijses bosch' (1620). 'Moyses Bosch' (1620). 'Den Vierighen Dooren' (1620). 'die Camere van Moyses Doren' (1628);;'s-Hertogenbosch
noot008;Nootmans;Pieter;;'t Groen Laurierspruyt [1641]/ De Ionghe Bataviers [1629]/ De jonge Batavieren [1632]/;Groen Laurierspruyt / De jonge Batavieren;;Het;Den Haag
ocke003;Ockes;Herman;;De wijngaertrancken [1541?];Wijngaertrancken;;De;Haarlem
oeve007;Oevel;A.;van;De balsumblom [1618]/ De Balsenbloem [1619];Balsenbloem;;De;Gouda
ogie001;Ogier;Barbara;;'Den Olijftack' (1556-1559-1561-1562-1616);Olijftak;Den Olijftack' (1556-1559-1561-1562-1616). 'Gulde van den Heyligen Geest die men noempt den Olyftack' (reglement 1618). 'Olyftack' (1620). 'Tackxen van Olijven' (1620);De;Antwerpen
ogie001;Ogier;Barbara;;de Violierbloeme' (in liggere bij 1480). 'Violieren' (1490). 'Violetten' (1493). 'De Violieren' (1561);Violieren;De Violierbloeme' (in liggere bij 1480). 'Violieren' (1490). 'Violetten' (1493). 'De Violieren' (1561). 'Violiere' (1562). 'gulde van de Violiere' (1619). 'Violieren' (1613). 'Violier' (1620);De;Antwerpen
ogie002;Ogier;Willem;;de Violierbloeme' (in liggere bij 1480). 'Violieren' (1490). 'Violetten' (1493). 'De Violieren' (1561);Violieren;De Violierbloeme' (in liggere bij 1480). 'Violieren' (1490). 'Violetten' (1493). 'De Violieren' (1561). 'Violiere' (1562). 'gulde van de Violiere' (1619). 'Violieren' (1613). 'Violier' (1620);De;Antwerpen
ogie002;Ogier;Willem;;'Den Olijftack' (1556-1559-1561-1562-1616);Olijftak;Den Olijftack' (1556-1559-1561-1562-1616). 'Gulde van den Heyligen Geest die men noempt den Olyftack' (reglement 1618). 'Olyftack' (1620). 'Tackxen van Olijven' (1620);De;Antwerpen
olth001;Olthoff;Jan;;De witte angieren/ Wit Angieren [MMV. 275. 1593];Witte Angieren;;De;Haarlem
ongh001;Onghena;Jan;;'gulde van Marien Theeren' (1510);Mariën Theeren;Gulde van Marien Theeren' (1510). 'ghulde van Onser Vrauwen Theeren' (1509). 'gulde van Maria Theeren' (1535-1537);;Gent
opho007;Ophoven;Daniël Iansen;;De roode angieren;Roode Angieren;;De;Rijnsburg
over001;Overbeke;Aernout;van;De groene laurierspruit [1546];Groene Laurierspruit;;De;Den Haag
pack001;Pack;Pieter Jacobsz.;;De Witte Rose;Witte Rose;;De;De Rijp
pale002;Palestijn;C.A.;;De seghblom;Seghblom;;De;Zegwaard
pauw023;Pauw;J. Ferdinand;de;tgheselscip vander Fontaine' (1448). 'Fonteine' (1448);Fonteine;Gheselscip van der Fontaine' (1448). 'Fonteine' (1448). 'gheselscepe van der Helegher Drivuldicheit. dat men eedt de Fonteyne' (1528). 'gulde der Helegher Dryvuldicheit ghenaemt de Fonteine' (1548). 'Fonteinisten' (1608);De;Gent
pauw026;Pauw;J.W.;;De roode angieren [1597?];Roode Angieren;;De;Hoorn
peet001;Peeters;Adriaen;;'gesellen vander Lysbloemen' (1510);Lisbloem;Gesellen van der Lysbloemen' (1510). 'De Lischbloeme' (1561-1562). 'De Lisbloeme' (1561);De;Mechelen
perc001;Perclaes;Niclaes;;Den Bouke' (1417). 'De Tyteloizen' (1485-86);Boeck;Den Bouke' (1417). 'gheselscap van den Boeke' (1420). 'De Tyteloizen' (1485-1486). 'Den Boeck' (1543-1562-1620-1647). 'Der Retoryck van den Boeck genomt de Tijtelooskens' (1561-1589). 'de Camere van den Boeck. geseyt de Tyteloose' (1647);Den;Brussel
pert001;Pertcheval;Jan;;'De Lyelye' (1485-86);Lelie;'De Lyelye' (1485-1486);De;Brussel
pete023;Peters;Jan;;‘den gesellen van Ste Barberen spele’ (1496). 'Barberisten' (reglement 1574). 'Jonge Laurieren' (reglement 1574);Barbaristen;‘Den gesellen van Sinte Barberen spele’ (1496). 'Barberisten' (1574). 'Jonge Laurieren' (1574). 'Ionghen Lauwerier' (1620). 'Ionghe Lavwerieren' (1620). 'Sinte Barbara' (1628);De;'s-Hertogenbosch
peti003;Petit;Paulus;;De witte angieren/ Wit Angieren [MMV. 275. 1593];Witte Angieren;;De;Haarlem
phil007;Philipsen;Jan;;gesellen van Vroechdendael' (1492). ''t Bercken-Riis' (A'dam 1613);Vreugdendal;Gesellen van Vroechdendael' (1492). ''t Bercken-Riis' (1613). 'Vreuchden-Dal' (1613). ''t Beirkenreys off Vreuchdendal' (1616). 'de camer van Rhetorica genaempt het Vreuchdendal oft het Berckenrys' (1617). 'bercken rijs' (1620);Het;Breda
piek003;Piek;Jacob Jansz.;;De blaeu acolye;Blaeu Acolye;;De;Vlissingen
poor008;Poortier;Jan;;'Den Olijftack' (1556-1559-1561-1562-1616);Olijftak;Den Olijftack' (1556-1559-1561-1562-1616). 'Gulde van den Heyligen Geest die men noempt den Olyftack' (reglement 1618). 'Olyftack' (1620). 'Tackxen van Olijven' (1620);De;Antwerpen
poor015;Poorter;Hendrik;de;'De Groeyenden Boom' (1479-1561-1562-1620);Groeiende Boom;'De Groeyenden Boom' (1479-1561-1562-1620);De;Lier
poot005;Pooter;H.;de;'De Groeyenden Boom' (1479-1561-1562-1620);Groeiende Boom;'De Groeyenden Boom' (1479-1561-1562-1620);De;Lier
poot005;Pooter;H.;de;de Violierbloeme' (in liggere bij 1480). 'Violieren' (1490). 'Violetten' (1493). 'De Violieren' (1561);Violieren;De Violierbloeme' (in liggere bij 1480). 'Violieren' (1490). 'Violetten' (1493). 'De Violieren' (1561). 'Violiere' (1562). 'gulde van de Violiere' (1619). 'Violieren' (1613). 'Violier' (1620);De;Antwerpen
post003;Post;Elisabeth Maria;;;Kunstliefde spaart geen vlijt;1772-1864. het archief berust in het Gemeentearchief 's-Gravenhage;;Den Haag
putt007;Putte;Reynier;vanden;De pellicaen [1503];Pellicaen;;De;Haarlem
quel001;Quellijn;Erasmus;;de Violierbloeme' (in liggere bij 1480). 'Violieren' (1490). 'Violetten' (1493). 'De Violieren' (1561);Violieren;De Violierbloeme' (in liggere bij 1480). 'Violieren' (1490). 'Violetten' (1493). 'De Violieren' (1561). 'Violiere' (1562). 'gulde van de Violiere' (1619). 'Violieren' (1613). 'Violier' (1620);De;Antwerpen
quin001;Quina;Carel;;Het Wit Lavendel/ Het Lavenderbloemken [1598];Wit Lavendel;;Het;Amsterdam
ramm005;Rammeleere;Gillis;de;tgheselscip vander Fontaine' (1448). 'Fonteine' (1448);Fonteine;Gheselscip van der Fontaine' (1448). 'Fonteine' (1448). 'gheselscepe van der Helegher Drivuldicheit. dat men eedt de Fonteyne' (1528). 'gulde der Helegher Dryvuldicheit ghenaemt de Fonteine' (1548). 'Fonteinisten' (1608);De;Gent
reae001;Reael;Laurens Jacobszoon;;de Eglentier (onbekend);Eglentier;;De;Amsterdam
reye004;Reyers de Lange;Willem;;De pellicaen [1503];Pellicaen;;De;Haarlem
reyn064;Reyniers;Ferdinande;;'Den Heylighen Gheest' (1613);Heilige Geest;'Den Heylighen Gheest' (1613);De;Diksmuide
rieu003;Rieu;W.Ph.;;De blauwe wijngaertrancken;Blauwe Wijngaertrancken;;De;Monster
rixt002;Rixtel;Pieter;;De wijngaertrancken [1541?];Wijngaertrancken;;De;Haarlem
rode001;Rodenburg;Theodoor;;de Eglentier (onbekend);Eglentier;;De;Amsterdam
rode001;Rodenburg;Theodoor;;Het Wit Lavendel/ Het Lavenderbloemken [1598];Wit Lavendel;;Het;Amsterdam
roel001;Roelandt;Hans;;De vygheboom [1614];Vygheboom;;De;Schiedam
rogg012;Roggeveen;Arent;;Het bloemken Jesse [?];Bloemken Jesse;;Het;Middelburg
rogg013;Rogghen;Hans Reyniers;;'Moises Doren' (1530);Mozes Doorn;Moises Doren' (1530). 'Moyses Doren' (1539). 'De vierige doornbosch' (Antwerpen 1574). 'Moyses Bosch' (1613). 'der caemere van Rethorica van Moyses dooren' (1615). 'Moijses bosch' (1620). 'Moyses Bosch' (1620). 'Den Vierighen Dooren' (1620). 'die Camere van Moyses Doren' (1628);;'s-Hertogenbosch
romp004;Rompel;J.D.;;De witte lelie en blauwe acolye/Missus Scholieren;Witte Lelie en Blauwe Acolye/Missus Scholieren;;De;Veere
ront001;Rontsaet;Jacop Pieter;;De roode lelie [?]/de roede lelye [1557];Roode Lelie;;De;Brouwershaven
roov002;Roovere;Anthonis;de;Den Heilighen Gheest' (1442)'. 'Pensee' of 'Penseken' (1628) of 'Penséeblomken' (doopbrief 1628);Heilige Geest;Den Heilighen Gheest' (1442)'. 'Heylighen Gheest' (1620). 'Pensee' of 'Penseken' (1628) of 'Penséeblomken' (1628);De;Brugge
sas_002;Sas;Jacob Lucasz.;;De goudsbloem/ die Goutsbloeme [1581];Goudsbloem;;De;Gouda
sas_006;Sas;F. Lucaszoon;;De goudsbloem/ die Goutsbloeme [1581];Goudsbloem;;De;Gouda
scha026;Schafter;Jan Jans;de;'ghesellen vander Vroeghdenbloeme' (1470);Vreugdebloem;Ghesellen van der Vroeghdenbloeme' (1470). 'gilde der Vreughdenbloeme' (1479). 'gulde van der Vroeghdenbloeme' (1496). 'der Vreuchdenbloeme' (1561). 'Vreugden Blom' (1620). 'Ionghe Vrevghden-blomme' (1620). 'Ionghe Vreughde-bloem' (Amsterdam 1624).;De;Bergen op Zoom
sche001;Schermer;Lukas;;De pellicaen [1503];Pellicaen;;De;Haarlem
sche065;Schelle;Gheleynsen;van;de Violierbloeme' (in liggere bij 1480). 'Violieren' (1490). 'Violetten' (1493). 'De Violieren' (1561);Violieren;De Violierbloeme' (in liggere bij 1480). 'Violieren' (1490). 'Violetten' (1493). 'De Violieren' (1561). 'Violiere' (1562). 'gulde van de Violiere' (1619). 'Violieren' (1613). 'Violier' (1620);De;Antwerpen
scho002;Schoenmaeker;Hendrick Albertsz.;;De Witte Rose;Witte Rose;;De;De Rijp
scho033;Schooneman;Cornelis Ianszoon;;de Eglentier (onbekend);Eglentier;;De;Amsterdam
scho086;Schoon;Jan Adriaensz;;De goudsbloem/ die Goutsbloeme [1581];Goudsbloem;;De;Gouda
scho087;Schout;Johannes;;De sonnebloem;Sonnebloem;;De;Kethel
schr020;Schrijver;Remigius;;Het bloemken Jesse [?];Bloemken Jesse;;Het;Middelburg
schr113;Schreck;Gielis;van der;'Moises Doren' (1530);Mozes Doorn;Moises Doren' (1530). 'Moyses Doren' (1539). 'De vierige doornbosch' (Antwerpen 1574). 'Moyses Bosch' (1613). 'der caemere van Rethorica van Moyses dooren' (1615). 'Moijses bosch' (1620). 'Moyses Bosch' (1620). 'Den Vierighen Dooren' (1620). 'die Camere van Moyses Doren' (1628);;'s-Hertogenbosch
schu007;Schuere;Jacob;van der;De witte angieren/ Wit Angieren [MMV. 275. 1593];Witte Angieren;;De;Haarlem
schu026;Schutte;Rutger;;;Kunstliefde spaart geen vlijt;1772-1864. het archief berust in het Gemeentearchief 's-Gravenhage;;Den Haag
schu049;Schuddemate;Peter;;'Den Olijftack' (1556-1559-1561-1562-1616);Olijftak;Den Olijftack' (1556-1559-1561-1562-1616). 'Gulde van den Heyligen Geest die men noempt den Olyftack' (reglement 1618). 'Olyftack' (1620). 'Tackxen van Olijven' (1620);De;Antwerpen
sepp007;Sepp;Jan Christiaan;;;Felix Meritis;;;Amsterdam
serg008;Sergeant;T.;;Het Wit Lavendel/ Het Lavenderbloemken [1598];Wit Lavendel;;Het;Amsterdam
seve012;Engelsen van Sevenbergen;Joris;;De corenarenspruit [1613]/ De Orangienboom [1629];Corenarenspruit / De Orangienboom;;De;Katwijk aan de Rijn
smek001;Smeken;Jan;;'De Lyelye' (1485-86);Lelie;'De Lyelye' (1485-1486);De;Brussel
smek001;Smeken;Jan;;de Violierbloeme' (in liggere bij 1480). 'Violieren' (1490). 'Violetten' (1493). 'De Violieren' (1561);Violieren;De Violierbloeme' (in liggere bij 1480). 'Violieren' (1490). 'Violetten' (1493). 'De Violieren' (1561). 'Violiere' (1562). 'gulde van de Violiere' (1619). 'Violieren' (1613). 'Violier' (1620);De;Antwerpen
smet001;Smet;Andries;de;Den Heilighen Gheest' (1442)'. 'Pensee' of 'Penseken' (1628) of 'Penséeblomken' (doopbrief 1628);Heilige Geest;Den Heilighen Gheest' (1442)'. 'Heylighen Gheest' (1620). 'Pensee' of 'Penseken' (1628) of 'Penséeblomken' (1628);De;Brugge
smet004;Smet;Dierick;de;'De Rose' (1478);Roose;'De Rose' (1478);De;Dendermonde
smid023;Smidt;Zacharias;de;'ghilde ende broederscepe vanden Drien Santinnen' (1494);Drie Santinnen;'Ghilde ende broederscepe van den Drien Santinnen' (1494);De;Brugge
smit008;Smit;Gerbrand;;Het Wit Lavendel/ Het Lavenderbloemken [1598];Wit Lavendel;;Het;Amsterdam
smou003;Smout;Hendrick;;De korenbloem/Koernbloemkens [1558]/Corenbloem;Korenbloem;;De;Den Haag
smyt002;Smyters;Anthoni;;Het Wit Lavendel/ Het Lavenderbloemken [1598];Wit Lavendel;;Het;Amsterdam
snel005;Snellinx;François;;De wijngaertrancken [1541?];Wijngaertrancken;;De;Haarlem
spee031;Speeckaert;B.A.;;'De Plomblom(me)' (1556);Plomblom;'De Plomblom(me)' (1556);De;Ninove
spie001;Spiegel;H.L.;;de Eglentier (onbekend);Eglentier;;De;Amsterdam
spie006;Spiere;Rijssaert;van;De goudsbloem/ die Goutsbloeme [1581];Goudsbloem;;De;Gouda
spie008;Spierings;J.;;'Der Goudbloemen' (1490-1519);Goudbloem;Der Goudbloemen' (1490-1519). 'Der Gulden Bloeme' (1493). 'Der Goudtbloemen' (1529). 'Goublommen' (1559). 'De Goubloeme' (1561-1562). 'Govdt-blom(e)' (1620). 'Govtblom' (1620). 'Govblome' (1620). 'Der Gulde van onse Lieve Vrouwe genaempt de Goud-blom groeijnde in deuchden' (1630);De;Antwerpen
spoo006;Spoormaker;Pieter;;De witte lelie en blauwe acolye/Missus Scholieren;Witte Lelie en Blauwe Acolye/Missus Scholieren;;De;Veere
stal038;Stalpaert;J.;;'ghilde ende broederscepe vanden Drien Santinnen' (1494);Drie Santinnen;'Ghilde ende broederscepe van den Drien Santinnen' (1494);De;Brugge
stam001;Stam;Jan Fredericksz.;;De goudsbloem/ die Goutsbloeme [1581];Goudsbloem;;De;Gouda
stam049;Stamps;H. Peeter;;De gulde van Thabor' (1479). 'de gesellen Sente Pietersgulde. ghenaempt de kinderen van Thabor' (1528-29);Thaboristen;De gulde van Thabor' (1479). 'de gesellen Sente Pietersgulde. ghenaempt de kinderen van Thabor' (1528-1529);De;Geraardsbergen
star001;Starter;Jan Jansz.;;[naam onbekend];[naam onbekend];;;Leeuwarden
star001;Starter;Jan Jansz.;;de Eglentier (onbekend);Eglentier;;De;Amsterdam
stav034;Stavel;Pieter;van;'ghilde ende broederscepe vanden Drien Santinnen' (1494);Drie Santinnen;'Ghilde ende broederscepe van den Drien Santinnen' (1494);De;Brugge
stee036;Steenwyck;Jan Fredericx;;'ghesellen vander Vroeghdenbloeme' (1470);Vreugdebloem;Ghesellen van der Vroeghdenbloeme' (1470). 'gilde der Vreughdenbloeme' (1479). 'gulde van der Vroeghdenbloeme' (1496). 'der Vreuchdenbloeme' (1561). 'Vreugden Blom' (1620). 'Ionghe Vrevghden-blomme' (1620). 'Ionghe Vreughde-bloem' (Amsterdam 1624).;De;Bergen op Zoom
stro012;Stroosnijder;Jan;;gesellen vander Mesueten' (1475). 'den jongen gesellen. die de bruederscap houden vander Meesueten' (1475). 'den ghesellen vander Kerssouwen' (1479);Kersouwe;Gesellen van der Mesueten' (1475). 'den jongen gesellen. die de bruederscap houden van der Meesueten' (1475). 'den ghesellen van der Kerssouwen' (1479). 'geselscap van der Kerssouwen' (1486). 'Karssouwen' (1486). ''t Kersouken' (1562). 'Reyn Kersow' (1620);De;Leuven
stru004;Struys;Jacob;;De Rapenbloem/De rapenbloemkens [1556];Rapenbloem;;De;Delft
swae001;Swaen;Michiel;de;['De Kersouwe'];Sint-Michiel;;;Duinkerken/Dunkerque
syce001;Syceram;Everard;;De Corenbloeme' (1485-86. 1581);Corenbloem;De Corenbloeme' (1485-1486. 1581). ''t Corenbloemken' (1561). 'De Corenblomme' (1561-1562-1572-1583-1620-1647). 'Corenblom' (1620). 'Corenbloemken' (1620);De;Brussel
tael003;Taelman;Abraham;;De balsembloem;Balsembloem;;De;Haastrecht
tand001;Tandt;Pieter;;Twistbevechters;Twistbevechters;;;
tess002;Tessynck;Cornelis;;De witte lelie en blauwe acolye/Missus Scholieren;Witte Lelie en Blauwe Acolye/Missus Scholieren;;De;Veere
thie008;Thieullier;Jan;;'gesellen vander Pyonen' (1472);Peoene;Gesellen van der Pyonen' (1472). 'De Pioen Bloeme' (1561). 'Peoene' (1562-1620). 'Peoen' (1620);De;Mechelen
thie008;Thieullier;Jan;;de Violierbloeme' (in liggere bij 1480). 'Violieren' (1490). 'Violetten' (1493). 'De Violieren' (1561);Violieren;De Violierbloeme' (in liggere bij 1480). 'Violieren' (1490). 'Violetten' (1493). 'De Violieren' (1561). 'Violiere' (1562). 'gulde van de Violiere' (1619). 'Violieren' (1613). 'Violier' (1620);De;Antwerpen
thon001;Thönisz;Jan;;[naam onbekend];[naam onbekend];;;Amsterdam
tibo004;Tiborts;Marcellus;;'De Groeyenden Boom' (1479-1561-1562-1620);Groeiende Boom;'De Groeyenden Boom' (1479-1561-1562-1620);De;Lier
udem001;Udemans;Cornelis;;De witte lelyen/Missus Scholieren;Witte Lelyen / Missus Scholieren;;De;Veere
vaer003;Vaernewyck;Marcus;van;'gulde van Marien Theeren' (1510);Mariën Theeren;Gulde van Marien Theeren' (1510). 'ghulde van Onser Vrauwen Theeren' (1509). 'gulde van Maria Theeren' (1535-1537);;Gent
valc008;Valckgrave;Jan;de;'guldebroeders van mijnen heere Sent Antheunis' (1504);Anthonisten;Guldebroeders van mijnen heere Sent Antheunis' (1504). 'Anthonisten' (1561). 'Tytverliesers' (wedstrijd Oudenaarde 1564);De;Kortrijk
vale001;Valerius;Adriaen;;De witte lelie en blauwe acolye/Missus Scholieren;Witte Lelie en Blauwe Acolye/Missus Scholieren;;De;Veere
veld030;Velden;Matthijs;van;de Eglentier (onbekend);Eglentier;;De;Amsterdam
veld056;Velde;C.;van den;'t Seghelbloemken [1613?];Seghelbloemken;;Het;Gorkum
velm001;Velmen;Jan;van;'De Lylien' (1481);Lelie;De Lylien' (1481). 'De Lelie Bloeme' (1561). 'Leli Broeders' (1620). 'die Leliebloeme' (1630);De;Diest
vend007;Vendelen;Jacob;van;'ghilde ende broederscepe vanden Drien Santinnen' (1494);Drie Santinnen;'Ghilde ende broederscepe van den Drien Santinnen' (1494);De;Brugge
venn004;Vennip;Jacob Jacobsz;van de;De goudsbloem/ die Goutsbloeme [1581];Goudsbloem;;De;Gouda
verb010;Verbeek;Nicolaas;;De wijngaertrancken [1541?];Wijngaertrancken;;De;Haarlem
verb012;Verbeke;Jan;;'gesellen vander Pyonen' (1472);Peoene;Gesellen van der Pyonen' (1472). 'De Pioen Bloeme' (1561). 'Peoene' (1562-1620). 'Peoen' (1620);De;Mechelen
verb038;Verbrugghe;Jacob;;De goudsbloem/ die Goutsbloeme [1581];Goudsbloem;;De;Gouda
verb053;Verbrugge;Lambrecht;;De blaeu acolye;Blaeu Acolye;;De;Vlissingen
verb172;Verbrugge;Martin J.;;De ghilde van Sinte Katerine' (1541). 'De Spaderycke' (1541);Spaderijke;De ghilde van Sinte Katerine' (1541). 'De Spaderycke' (1541);De;Belle/Bailleul
verd032;Verdoes;Adriaan;;De blaeu acolye;Blaeu Acolye;;De;Vlissingen
verh028;Verhese;Willem;;Couwaerde' (1493). 'Ste Woutruyden gulde' (1512). 'Cauwoerde' (1520);Cauwoerde;Couwaerde' (1493). 'Sinte Woutruyden gulde' (1512). 'Cauwoerde' (1520). ''t Couwoordeken' (1561). 'Cauwoord' (1620);De;Herentals
verh049;Verhoeven;Willem Frans Gommar;;'dOngheleerde' (1481-hs. 1561);Ongeleerden;Ongheleerde' (1481-1561). 'Het Iennettebloemken. van Liere. ghenoempt dOngheleerde' (1561). 'Iennetteken' (1620). 'Iennette' (1620);De;Lier
verl017;Verlove;Karel;;De wijngaertrancken [1541?];Wijngaertrancken;;De;Haarlem
verm195;Vermeer;J.C.;;De Pyeunie [1615];Pyeunie;De Pijn-appel;De;Pijnacker
verv018;Verveen;Andries Crynen;;De goudsbloem/ die Goutsbloeme [1581];Goudsbloem;;De;Gouda
verv021;Vervien;Andreas;;De goudsbloem/ die Goutsbloeme [1581];Goudsbloem;;De;Gouda
verv022;Vervien;Pieter;;De goudsbloem/ die Goutsbloeme [1581];Goudsbloem;;De;Gouda
verv023;Vervien;Dirk Crijnen;;De goudsbloem/ die Goutsbloeme [1581];Goudsbloem;;De;Gouda
verv027;Verveen;D.C.;;De goudsbloem/ die Goutsbloeme [1581];Goudsbloem;;De;Gouda
verv028;Verveen;P.C.;;De goudsbloem/ die Goutsbloeme [1581];Goudsbloem;;De;Gouda
vijg001;Vijgh;Jan Fredrik;;De roode angieren [1597?];Roode Angieren;;De;Hoorn
vinc001;Vincent;Ysbrand;;;Nil volentibus arduum;;;Amsterdam
vinc005;Vincent;Pieter;;Retorike van Pamele' (1468?-1471). 'De Kersauwe' (1472?-reglement 1556);Kersouwe;Retorike van Pamele' (1468-1471). 'De Kersauwe' (1472-1556). 'Kerssouken' (1562). 'De Kersouwe' (1613);De;Oudenaarde (Pamele)
vinn001;Vinne;Izaak;van der;De witte angieren/ Wit Angieren [MMV. 275. 1593];Witte Angieren;;De;Haarlem
viss003;Visscher;Pieter;;de Eglentier (onbekend);Eglentier;;De;Amsterdam
viss004;Visscher;Roemer;;de Eglentier (onbekend);Eglentier;;De;Amsterdam
vlac002;Vlack;Michiel;;De goudsbloem/ die Goutsbloeme [1581];Goudsbloem;;De;Gouda
vlee006;Vleeschhouwer;A.;de;De blaeu acolye;Blaeu Acolye;;De;Vlissingen
vond001;Vondel;Joost;van den;Het Wit Lavendel/ Het Lavenderbloemken [1598];Wit Lavendel;;Het;Amsterdam
voor011;Voort;Jeronimus;van der;'Der Goudbloemen' (1490-1519);Goudbloem;Der Goudbloemen' (1490-1519). 'Der Gulden Bloeme' (1493). 'Der Goudtbloemen' (1529). 'Goublommen' (1559). 'De Goubloeme' (1561-1562). 'Govdt-blom(e)' (1620). 'Govtblom' (1620). 'Govblome' (1620). 'Der Gulde van onse Lieve Vrouwe genaempt de Goud-blom groeijnde in deuchden' (1630);De;Antwerpen
voor011;Voort;Jeronimus;van der;De blaeu acolye;Blaeu Acolye;;De;Vlissingen
voor011;Voort;Jeronimus;van der;'De Groeyenden Boom' (1479-1561-1562-1620);Groeiende Boom;'De Groeyenden Boom' (1479-1561-1562-1620);De;Lier
vosk003;Voskuyl;Meindert Pietersz.;;de Eglentier (onbekend);Eglentier;;De;Amsterdam
vran003;Vrancx;Sebastiaen;;de Violierbloeme' (in liggere bij 1480). 'Violieren' (1490). 'Violetten' (1493). 'De Violieren' (1561);Violieren;De Violierbloeme' (in liggere bij 1480). 'Violieren' (1490). 'Violetten' (1493). 'De Violieren' (1561). 'Violiere' (1562). 'gulde van de Violiere' (1619). 'Violieren' (1613). 'Violier' (1620);De;Antwerpen
vred003;Vredeman de Vries;Hans;;'gesellen vander Pyonen' (1472);Peoene;Gesellen van der Pyonen' (1472). 'De Pioen Bloeme' (1561). 'Peoene' (1562-1620). 'Peoen' (1620);De;Mechelen
wael002;Wael;Job A.;van de;Den aeckerboom/ den Aeckeren boom [MMV. 275. 1593];Aeckerboom;;Den;Vlaardingen
wael009;Waelkens;Desiderius;;Retorike van Pamele' (1468?-1471). 'De Kersauwe' (1472?-reglement 1556);Kersouwe;Retorike van Pamele' (1468-1471). 'De Kersauwe' (1472-1556). 'Kerssouken' (1562). 'De Kersouwe' (1613);De;Oudenaarde (Pamele)
wael047;Waele;Jacobus;de;'De Doornecroone' (1443);Doornenkroon;'De Doornecroone' (1443);De;Nieuwpoort
wass008;Wassenburgh;I.J.;van;De blauwe acoleyen;Blauwe Acoleyen;;De;Rotterdam
weem004;Weemers;Abraham;;De witte rose onder den doornen [1614] De palmboom/De samaritaen onder den palmboom [1616];Witte Rose onder den Doornen / De Palmboom / De Samaritaen onder den Palmboom;;De;Leiden
weys002;Weys;Wulffaert;;'ghezellen vander Retorycke van Sint Omcommere' (1504);Sint-Ontcommere;Ghezellen van der Retorycke van Sint Omcommere' (1504). 'De Vier Melcteelen' (in slotverzen spel 1539);;Axel
wich003;Wichelen;Merten;van;De Lelie' (Brussel 1565). 'd'Onghe VIII' (1622);Lelie;De Lelie' (Brussel 1565). 'dOnghe VIII' (1622);De;Halle
wijn007;Wijnants;Willem;;Het bloemken Jesse [?];Bloemken Jesse;;Het;Middelburg
wijn025;Wijnbeek;Abraham;;De Witte Ackoleyen;Witte Ackoleyen;;De;Leiden
will037;Willemsen;Jacob;;Het bloemken Jesse [?];Bloemken Jesse;;Het;Middelburg
will066;Willemsz;Jan;;De witte angieren/ Wit Angieren [MMV. 275. 1593];Witte Angieren;;De;Haarlem
will066;Willemsz;Jan;;De wijngaertrancken [1541?];Wijngaertrancken;;De;Haarlem
will232;Willems;Ludovicus;;De Persetardis' (1547). 'De Perssetreders ofte Fontenisten' (1618);Persetreders;De Persetardis' (1547). 'De Perssetreders ofte Fontenisten' (1618);De;Hondschote/Hondschoote
wils001;Wils;Adriaen;;'Der Goudbloemen' (1490-1519);Goudbloem;Der Goudbloemen' (1490-1519). 'Der Gulden Bloeme' (1493). 'Der Goudtbloemen' (1529). 'Goublommen' (1559). 'De Goubloeme' (1561-1562). 'Govdt-blom(e)' (1620). 'Govtblom' (1620). 'Govblome' (1620). 'Der Gulde van onse Lieve Vrouwe genaempt de Goud-blom groeijnde in deuchden' (1630);De;Antwerpen
wils006;Wils;Balthasar;;'Den Olijftack' (1556-1559-1561-1562-1616);Olijftak;Den Olijftack' (1556-1559-1561-1562-1616). 'Gulde van den Heyligen Geest die men noempt den Olyftack' (reglement 1618). 'Olyftack' (1620). 'Tackxen van Olijven' (1620);De;Antwerpen
wils007;Wils;Cornelis;;'Den Olijftack' (1556-1559-1561-1562-1616);Olijftak;Den Olijftack' (1556-1559-1561-1562-1616). 'Gulde van den Heyligen Geest die men noempt den Olyftack' (reglement 1618). 'Olyftack' (1620). 'Tackxen van Olijven' (1620);De;Antwerpen
wind003;Winden;Reynier;van;'De Lelikens uuten Dale';Lelikens uten Dale;De Lelikens uuten Dale'. 'dLeliken wtten Dale' (1620);De;Zoutleeuw
wits006;Witsoet;Gabriël Pieter;;De Libertijnen;Libertijnen;;De;Kaaster/Caëstre
woll003;Wollewyns;Nicolaes;;De wijngaertrancken [1541?];Wijngaertrancken;;De;Haarlem
woud003;Woude;Cornelis;van der;den Laurier [MMV. 274. 1593] 't Lauwerier [1641];Laurier;;Den;Alkmaar
woud009;Woude Psz.;Jan;van der;De blauwe acoleyen;Blauwe Acoleyen;;De;Rotterdam
ysel001;Yselveer;Willem Jansz.;;De blauwe acoleyen;Blauwe Acoleyen;;De;Rotterdam
yser001;Ysermans;Joan;;'Den Olijftack' (1556-1559-1561-1562-1616);Olijftak;Den Olijftack' (1556-1559-1561-1562-1616). 'Gulde van den Heyligen Geest die men noempt den Olyftack' (reglement 1618). 'Olyftack' (1620). 'Tackxen van Olijven' (1620);De;Antwerpen
zyls003;Zylstra;W.L.;;De geele fioletten [1593];Geele Fioletten;;De;Gouda
